Fund Name,P1,P2,P3,P4,P5,Topsis Score,Rank
M1,0.79,0.62,3.5,53.1,14.5,0.6378920135348284,2
M2,0.62,0.38,5.8,48.2,13.75,0.3879582568321268,6
M3,0.68,0.46,6.5,40.7,12.09,0.24621287810637837,8
M4,0.74,0.55,4.1,45.7,12.77,0.45292526421290263,5
M5,0.82,0.67,5.6,31.0,9.52,0.2538388156277881,7
M6,0.95,0.9,4.5,64.0,17.59,0.8922137495691719,1
M7,0.74,0.55,3.4,53.2,14.47,0.6045752045644576,3
M8,0.92,0.85,6.2,42.2,12.54,0.4631992399498839,4
